customer_id,first_name,last_name,email,country,registration_date
1,Pamela,Black,mahoneylisa@example.org,Trinidad and Tobago,2023-06-26
2,Daniel,Chase,megan20@example.com,Turks and Caicos Islands,2023-01-22
3,Joshua,Smith,brianli@example.net,Mali,2022-08-02
4,Julie,Vincent,lbradley@example.org,Morocco,2022-10-22
5,James,Lee,josephjones@example.com,French Guiana,2023-11-25
6,Mark,Richards,patrickpearson@example.com,Djibouti,2024-06-25
7,Antonio,Long,ijohnson@example.net,Puerto Rico,2024-06-03
8,Thomas,Petersen,hillbrady@example.net,Zimbabwe,2023-02-02
9,Dillon,Gay,rogersrobert@example.com,Haiti,2024-05-09
10,Karen,Rodriguez,fray@example.org,Tokelau,2024-07-28
11,Todd,Phillips,floresjessica@example.com,Comoros,2023-01-28
12,Amy,Green,marvin66@example.org,Burundi,2023-12-03
13,Jody,Hansen,fquinn@example.org,Germany,2022-08-01
14,David,Gallagher,kathykirk@example.com,Suriname,2024-03-09
15,Sherry,Johnson,simmonsstacy@example.org,New Zealand,2022-08-03
16,Connie,Johnson,uellison@example.org,Turks and Caicos Islands,2023-01-31
17,Evan,Walter,thompsontimothy@example.com,Austria,2023-07-15
18,Michelle,Simmons,patrick14@example.com,Australia,2023-06-17
19,Gloria,Cobb,jameschavez@example.net,Isle of Man,2022-08-04
20,Amy,Gray,burgessmatthew@example.org,Maldives,2023-03-09
21,Julie,Nelson,egregory@example.com,Greenland,2024-06-26
22,Mary,Curtis,michael14@example.com,Guatemala,2023-02-20
23,Beth,Evans,jasmine06@example.org,Germany,2022-12-31
24,Gabriella,Ramirez,scott41@example.org,Vanuatu,2024-03-16
25,Ricky,Kramer,nharper@example.net,Venezuela,2023-06-11
26,Judith,Williams,christopher55@example.org,Nigeria,2024-07-10
27,Larry,Scott,frederickmckee@example.net,Tunisia,2023-11-09
28,Cynthia,Shea,dmartinez@example.org,Nepal,2023-08-19
29,Kim,King,hillangela@example.net,Iceland,2023-10-21
30,Taylor,Boyle,glendahoffman@example.org,Japan,2024-05-08
31,Jimmy,Waters,robertperez@example.net,Chile,2024-04-03
32,Leonard,Griffin,jonathan77@example.org,Burkina Faso,2022-08-16
33,Melissa,Williams,shelbykelly@example.org,South Georgia and the South Sandwich Islands,2023-04-04
34,Danielle,Jennings,debra87@example.net,Myanmar,2022-12-05
35,Molly,Rodriguez,gonzalezashley@example.org,Afghanistan,2022-08-16
36,Thomas,Graham,glennmatthew@example.com,Palau,2023-12-25
37,Eric,Foster,kristin10@example.com,Lithuania,2023-08-30
38,Dean,Roberts,millernatasha@example.com,Somalia,2024-07-23
39,Gloria,Carter,cookashley@example.org,Philippines,2024-04-30
40,Carol,Wiley,denise38@example.org,Sweden,2024-02-16
41,Patricia,Reed,farmerlinda@example.net,Solomon Islands,2024-06-29
42,Steven,Rodriguez,msmith@example.com,Cameroon,2024-02-14
43,Jennifer,Robinson,jennifermurray@example.com,Ukraine,2024-01-10
44,Jeremy,Thompson,jamesdiaz@example.org,Solomon Islands,2024-05-05
45,Bradley,Burns,laura41@example.org,Liechtenstein,2024-03-18
46,Theresa,Sullivan,greenemichele@example.com,Samoa,2024-07-30
47,Steven,Bridges,barberdanielle@example.org,Turkmenistan,2023-07-08
48,Brett,Mcmahon,andrew56@example.com,Zambia,2023-10-07
49,Nicole,Castro,lindahenderson@example.com,Guyana,2024-06-17
50,Carol,Chandler,stephanietaylor@example.org,Albania,2024-02-11
51,Corey,Downs,usanchez@example.net,Timor-Leste,2023-09-13
52,Adrienne,Graham,gfox@example.com,United States of America,2024-06-09
53,Jesse,Vasquez,esantos@example.net,Latvia,2024-05-02
54,Victor,Rivera,yflores@example.com,Congo,2023-03-19
55,Chad,Logan,ronald73@example.net,Equatorial Guinea,2022-12-17
56,Teresa,Parker,fernandezkimberly@example.com,Kenya,2024-06-30
57,Teresa,Grant,ogonzales@example.net,Namibia,2023-01-28
58,Cindy,Rhodes,andrew83@example.com,United Kingdom,2023-02-06
59,Janet,Lyons,vthompson@example.com,Gibraltar,2024-06-03
60,Holly,Craig,matthew09@example.net,Iceland,2022-09-08
61,Martin,Carey,wallertracy@example.net,Syrian Arab Republic,2024-05-21
62,Bradley,Lane,rjohnson@example.com,Turks and Caicos Islands,2022-10-28
63,Jason,Ellis,marshallkimberly@example.org,South Africa,2024-05-11
64,Joshua,Parker,dnguyen@example.org,French Southern Territories,2024-03-28
65,Randy,Castro,johnsonevan@example.net,Italy,2024-01-20
66,Angela,Reed,bradleyduran@example.org,Oman,2024-03-12
67,Allison,Powers,williamspatrick@example.org,Mayotte,2022-09-02
68,Kyle,Nichols,davidgarcia@example.org,Germany,2022-11-13
69,Emily,Pacheco,taylormichael@example.org,Mauritius,2024-04-13
70,Daniel,Olson,heather16@example.net,Djibouti,2023-06-07
71,Justin,Holmes,oliviacurry@example.org,United States of America,2023-04-18
72,Michael,Jones,vanessagonzalez@example.com,Bolivia,2024-03-01
73,Connor,Simmons,fordmichael@example.net,Afghanistan,2024-02-21
74,Alexander,Miller,kathleen83@example.org,Wallis and Futuna,2023-08-19
75,Austin,Cross,allison97@example.org,Montserrat,2022-10-11
76,Kristine,Graves,eray@example.com,Burkina Faso,2024-04-10
77,Brandon,Williams,cory68@example.com,South Georgia and the South Sandwich Islands,2022-08-16
78,Joshua,Taylor,gmccormick@example.org,Norfolk Island,2023-08-25
79,Rebecca,Russo,nmckinney@example.net,Bouvet Island (Bouvetoya),2024-02-26
80,Michael,Moon,scott75@example.org,Turkey,2023-04-10
81,Luis,Johnson,jamielewis@example.net,New Caledonia,2022-08-06
82,Julie,Dickson,patriciakeith@example.net,Solomon Islands,2022-09-01
83,Benjamin,Shaw,amyreynolds@example.com,Korea,2023-10-14
84,Christina,Lopez,sarah76@example.net,Jersey,2022-12-18
85,Randall,Tucker,jeffmoyer@example.com,Liberia,2023-01-07
86,Christopher,Dodson,lauragarza@example.net,Uganda,2024-04-07
87,Natalie,Jackson,elizabeth54@example.com,Mozambique,2023-05-08
88,Caroline,Smith,hclark@example.com,Gambia,2022-10-09
89,Selena,Gibson,raymond49@example.com,Samoa,2024-04-25
90,Dalton,Fowler,karenharper@example.net,Brazil,2023-05-23
91,Rachel,Ortiz,darren47@example.com,Hungary,2023-01-07
92,David,Morgan,waltersmark@example.org,Jordan,2023-05-13
93,Jeffrey,Smith,victoriashaw@example.com,Liberia,2024-01-23
94,Angela,Bennett,jasonpacheco@example.com,Falkland Islands (Malvinas),2023-03-15
95,James,Woods,justin61@example.net,French Polynesia,2024-03-27
96,Michelle,Yu,warren58@example.net,Equatorial Guinea,2023-11-07
97,Robert,Thompson,timothyturner@example.com,Haiti,2023-04-16
98,Frank,Patterson,gomezlaura@example.com,Samoa,2024-04-16
99,Joseph,Anderson,sanderson@example.net,Mozambique,2024-04-20
100,Martin,Clark,jonesdavid@example.net,Georgia,2024-06-03
101,Lauren,Reed,mia41@example.org,Bangladesh,2023-01-18
102,Jacob,Mccarty,shawnmarquez@example.net,Finland,2024-04-19
103,Amy,Zimmerman,mharrison@example.org,Eritrea,2023-01-30
104,Vanessa,Smith,rachel09@example.net,Egypt,2023-09-24
105,Alexandra,Chapman,laurenwilliams@example.net,Bolivia,2023-10-22
106,Katie,Jones,joe14@example.org,Korea,2023-02-25
107,Amanda,Obrien,paulallison@example.com,Vietnam,2023-01-28
108,Richard,Dalton,robertmonroe@example.net,Malta,2024-07-02
109,Michael,King,ocline@example.net,Paraguay,2024-03-02
110,Joshua,Hill,murphyamy@example.org,Chile,2022-08-16
111,Michelle,Thomas,robin18@example.org,Libyan Arab Jamahiriya,2022-12-09
112,Amber,Russell,jonescatherine@example.com,Congo,2024-03-27
113,Cynthia,Porter,gilbertjose@example.org,Cyprus,2023-07-08
114,Monica,Sweeney,bstuart@example.net,Morocco,2024-01-30
115,Daniel,Smith,elizabeth41@example.org,Malta,2024-06-16
116,Patricia,Jackson,qmartinez@example.org,Montenegro,2023-01-15
117,James,Schultz,jennifer52@example.org,Ecuador,2023-12-31
118,Mary,Bailey,nelsonphillip@example.net,Namibia,2023-07-05
119,Charles,Robinson,ureese@example.net,Tunisia,2023-07-27
120,Melanie,Gross,estradagregory@example.com,United States Minor Outlying Islands,2023-03-05
121,Tyler,Smith,bryanmoses@example.org,Sri Lanka,2023-04-27
122,Samantha,Williams,aphillips@example.net,Libyan Arab Jamahiriya,2024-03-24
123,Jerry,Harrison,owilliams@example.com,Malawi,2024-01-19
124,Stephanie,Pitts,xsullivan@example.com,Turkey,2022-08-20
125,Melissa,Howe,rachel79@example.org,Kuwait,2023-05-29
126,Joshua,Matthews,mark61@example.net,Paraguay,2024-03-07
127,Leah,Strickland,sandra74@example.com,Brazil,2023-09-20
128,Gabrielle,Spencer,simpsonthomas@example.org,Anguilla,2023-10-17
129,Carla,Stewart,isimpson@example.org,Macao,2022-11-06
130,Dawn,Williams,lee05@example.org,Morocco,2023-09-20
131,Richard,Juarez,garciawalter@example.com,Ireland,2024-02-09
132,Kimberly,Miller,hhernandez@example.org,Saint Kitts and Nevis,2024-01-21
133,Andrea,Brown,katie72@example.org,Bhutan,2023-06-24
134,Tamara,Wilson,zedwards@example.net,Moldova,2023-08-30
135,Taylor,Thornton,michelegibson@example.org,Cambodia,2024-02-02
136,Frederick,Walker,beth55@example.org,Costa Rica,2024-01-22
137,Richard,Alexander,ypalmer@example.org,Luxembourg,2023-11-16
138,Kaitlyn,Edwards,amandawalker@example.net,France,2022-10-10
139,Rachel,Smith,rmeza@example.com,Slovakia (Slovak Republic),2023-12-31
140,Cheryl,Klein,rasmussenemily@example.net,United Kingdom,2024-04-11
141,April,Peterson,rivaschelsea@example.org,Jamaica,2022-09-07
142,Matthew,Reeves,michelle25@example.net,Lebanon,2022-11-20
143,Heather,Aguilar,hmann@example.net,Latvia,2022-10-25
144,Robert,Williams,bduncan@example.org,Zimbabwe,2024-04-23
145,Eduardo,Allen,denisemclaughlin@example.com,Guinea,2023-01-20
146,Jeffrey,Vaughn,shirley60@example.net,El Salvador,2023-12-30
147,Carolyn,Barrett,adamsyvette@example.org,Saint Lucia,2024-03-03
148,Marissa,Paul,nicoledavis@example.org,Sierra Leone,2023-07-26
149,Anthony,Moore,aherrera@example.com,Argentina,2023-09-30
150,Austin,Walls,anthonydiaz@example.net,British Indian Ocean Territory (Chagos Archipelago),2023-08-07
151,Emily,Baker,lisadonaldson@example.com,Burkina Faso,2023-10-04
152,Joshua,Flores,roger40@example.net,Guyana,2023-08-15
153,Lindsey,Johnson,donna84@example.com,Malaysia,2024-05-15
154,Catherine,Johnson,hugheslarry@example.net,Antigua and Barbuda,2022-12-12
155,Dylan,Warren,yking@example.org,Netherlands,2024-01-21
156,Melissa,Miller,donna87@example.net,Micronesia,2022-10-06
157,Joshua,Summers,margaret34@example.com,Seychelles,2023-05-28
158,Luis,Jones,wmay@example.com,Andorra,2024-05-09
159,Noah,Stewart,ruben45@example.net,Western Sahara,2023-05-29
160,Christina,Smith,bmartinez@example.org,Oman,2023-04-06
161,Kristy,Brown,martinezmary@example.org,Croatia,2022-11-07
162,Matthew,Lee,beth76@example.org,Holy See (Vatican City State),2022-10-02
163,Robert,Duran,tkhan@example.org,Burkina Faso,2024-04-03
164,Kimberly,Maddox,adamhicks@example.net,Reunion,2023-03-13
165,Cynthia,Walker,robert73@example.org,French Southern Territories,2023-01-23
166,Mariah,Hodges,zreed@example.com,China,2022-09-08
167,Andrew,Stewart,halejennifer@example.net,Iraq,2022-10-24
168,Taylor,Key,rodrigueztara@example.net,Estonia,2022-09-10
169,William,Mendoza,yshaw@example.net,Argentina,2024-01-02
170,Charles,Barrett,kempmark@example.com,France,2024-01-17
171,Morgan,Chen,jriley@example.com,Cook Islands,2024-07-24
172,James,Jackson,kirkgina@example.org,Burkina Faso,2023-01-03
173,Billy,Knox,linda30@example.com,Cyprus,2024-07-19
174,Randy,Gonzalez,mclaughlinjason@example.com,Saint Martin,2022-12-26
175,Cheryl,Bender,kelly91@example.org,French Polynesia,2022-09-08
176,Linda,Pierce,hmiller@example.net,United Arab Emirates,2023-03-17
177,Nicolas,Collins,willie48@example.org,Ghana,2024-03-06
178,Michael,Munoz,jacksonlisa@example.com,Angola,2022-08-22
179,Lisa,Rice,romeroshawn@example.net,Ireland,2023-11-22
180,Kelly,Willis,matthew99@example.org,Monaco,2023-01-22
181,David,Williams,mccallmichael@example.net,Swaziland,2024-05-13
182,Antonio,Sanchez,llara@example.org,Cote d'Ivoire,2024-03-02
183,Robert,Hall,wjackson@example.com,Nicaragua,2022-12-27
184,Joshua,Jackson,megan36@example.org,El Salvador,2024-07-25
185,Lisa,Dawson,raymond16@example.org,Northern Mariana Islands,2023-03-12
186,Amy,Lamb,wellslori@example.com,Uganda,2024-04-21
187,Isaiah,Ibarra,kevinhernandez@example.net,Chad,2023-05-03
188,Logan,Kennedy,douglaslam@example.com,South Africa,2023-04-24
189,Alexander,Lowery,xthompson@example.com,Italy,2023-01-26
190,Kyle,Harper,tina72@example.org,United States of America,2024-06-19
191,Eric,Cooper,kcosta@example.net,Samoa,2023-10-12
192,Catherine,Roberts,edward81@example.net,Iraq,2024-03-29
193,Gregory,Stanley,crystalgonzalez@example.org,Andorra,2023-06-25
194,Jonathan,Wilson,mitchell62@example.org,Uganda,2022-12-07
195,Kevin,Lewis,robertdaniels@example.com,Palau,2022-08-07
196,Bridget,Dominguez,greenekarina@example.org,Cyprus,2023-09-25
197,Shane,Baker,barryvasquez@example.com,Kyrgyz Republic,2023-12-22
198,Gary,Goodwin,amandajones@example.net,Mauritius,2022-08-19
199,Michael,Ferguson,esmith@example.com,Norway,2022-12-20
200,Kelly,Cox,rodriguezjessica@example.com,Malta,2023-11-15
201,Francis,Ortega,christopher22@example.net,Israel,2023-03-21
202,Lisa,Steele,rlopez@example.org,Iraq,2023-08-28
203,Jesse,Lee,bpatel@example.org,Afghanistan,2024-06-04
204,Caleb,Johnson,tony57@example.net,Kenya,2022-08-11
205,Alex,Bishop,thompsoncorey@example.net,Bulgaria,2022-09-02
206,Sean,Murray,katie93@example.net,Slovakia (Slovak Republic),2022-12-03
207,Samuel,Knight,turnercarol@example.net,Venezuela,2024-07-21
208,Kimberly,Fuller,steven11@example.com,United States Minor Outlying Islands,2022-10-27
209,David,Duran,xsparks@example.com,Nepal,2023-05-11
210,Misty,Reid,erivas@example.com,Ethiopia,2023-05-04
211,James,Patrick,gwashington@example.com,Guinea-Bissau,2024-06-16
212,Patrick,Jennings,obenton@example.net,Central African Republic,2022-10-22
213,Timothy,Alvarado,vreese@example.net,Holy See (Vatican City State),2023-11-03
214,Kevin,Casey,alvaradocarol@example.org,Liechtenstein,2024-03-14
215,April,Odom,vcantu@example.org,Namibia,2023-02-21
216,Hannah,Perez,ayoung@example.net,New Caledonia,2023-04-08
217,Jeremy,Carlson,lucascarrillo@example.net,Saint Pierre and Miquelon,2024-02-21
218,Kimberly,Armstrong,krystalhernandez@example.com,Puerto Rico,2022-11-22
219,Carlos,Cervantes,elizabethhill@example.net,Martinique,2023-09-29
220,Mitchell,Romero,zjones@example.net,Guinea,2023-12-31
221,Timothy,Sims,mccarthygabriela@example.com,Gabon,2022-11-07
222,Jon,Black,greerjerry@example.org,American Samoa,2023-11-08
223,Brent,Carter,betty15@example.org,Saint Vincent and the Grenadines,2022-08-13
224,Leslie,Thomas,michaelclark@example.net,Liechtenstein,2023-11-01
225,Jason,Martinez,stephen15@example.net,Botswana,2022-08-23
226,Michele,Dillon,fperez@example.org,Jamaica,2023-04-26
227,Jacob,Lawrence,mckenziemichael@example.org,Vietnam,2023-02-27
228,Jeffrey,Bennett,bparker@example.net,Serbia,2022-08-09
229,Amanda,Rodriguez,alexisleonard@example.org,Netherlands,2022-08-31
230,Samantha,Taylor,iedwards@example.com,Ghana,2023-04-04
231,Barbara,Nichols,zacharytaylor@example.org,Eritrea,2023-03-30
232,Clifford,Meyer,golson@example.org,Armenia,2023-07-23
233,Aaron,Holt,timothy23@example.com,Qatar,2023-01-02
234,Matthew,Martin,latoyajordan@example.com,Falkland Islands (Malvinas),2022-11-17
235,David,Scott,espinozacharles@example.com,Seychelles,2022-10-09
236,Jessica,Steele,jasoncruz@example.org,Armenia,2022-08-31
237,Sherri,Jones,qklein@example.com,Bulgaria,2024-04-14
238,Stephanie,Mckinney,leah98@example.com,Antigua and Barbuda,2022-10-19
239,Courtney,Camacho,newtonjoel@example.org,Brazil,2024-07-11
240,Tonya,Beasley,sarahsingleton@example.net,Samoa,2023-11-27
241,Calvin,Parsons,robin36@example.com,Qatar,2022-10-30
242,Christina,Ward,pmontgomery@example.com,Mauritania,2023-06-25
243,Charles,Mullen,brittany64@example.org,Christmas Island,2022-12-31
244,Tiffany,Franklin,ffitzgerald@example.net,Mexico,2022-09-04
245,Rebecca,Vincent,cochranbarbara@example.com,Sweden,2023-06-02
246,Jennifer,Johnson,davidpatel@example.org,Heard Island and McDonald Islands,2024-05-31
247,Rachael,Buchanan,rebeccacollins@example.net,Fiji,2023-06-01
248,Cassidy,White,leon66@example.org,Macao,2023-09-16
249,Dwayne,Oconnell,anthony59@example.com,Saint Martin,2024-07-09
250,John,Dougherty,marc40@example.net,Congo,2024-05-18
251,Michael,Thompson,thomas04@example.com,Bolivia,2023-04-24
252,Katherine,Kelly,barronryan@example.com,Czech Republic,2023-01-10
253,Vincent,Smith,karen65@example.com,Russian Federation,2022-08-05
254,Cynthia,Miller,robertsalazar@example.org,Ethiopia,2024-05-31
255,Lauren,Stark,jacksonmichael@example.org,Cayman Islands,2024-01-26
256,Cody,Chambers,david30@example.com,Indonesia,2023-06-24
257,Katrina,Walker,edwardbrown@example.com,Saint Vincent and the Grenadines,2023-11-11
258,Gina,Hanson,michael47@example.net,Burkina Faso,2023-10-22
259,Scott,Williams,lauren82@example.org,Northern Mariana Islands,2023-03-13
260,Jonathan,Hodge,xbentley@example.net,Swaziland,2023-12-26
261,Charles,Baird,owenscurtis@example.net,Holy See (Vatican City State),2024-06-26
262,Michael,Sosa,brownruben@example.org,Iceland,2023-10-02
263,Ashlee,Anderson,hernandezkimberly@example.org,Nigeria,2024-02-21
264,Mark,Garcia,maycraig@example.net,Micronesia,2023-11-07
265,Lisa,Lee,martindeanna@example.com,Taiwan,2024-01-03
266,Kelly,Burke,zcollins@example.com,Denmark,2023-03-05
267,Jeremy,Hill,christopheraustin@example.org,Netherlands,2022-12-11
268,Dawn,Salinas,williamsonwillie@example.org,Gabon,2024-06-15
269,Amy,Swanson,charlesknight@example.net,Madagascar,2022-10-30
270,Kathryn,Stafford,gregg29@example.org,Romania,2023-02-09
271,Angela,Howard,ataylor@example.net,Honduras,2023-10-26
272,Wayne,Vasquez,mcurtis@example.org,Papua New Guinea,2022-09-04
273,Patrick,Stark,ltodd@example.com,Congo,2023-07-02
274,Devin,Hodge,hcole@example.com,Mayotte,2023-01-05
275,Michelle,Campbell,portermolly@example.com,Guam,2024-04-19
276,Paul,French,edouglas@example.com,Lao People's Democratic Republic,2023-05-15
277,Cheyenne,Williams,carterjasmine@example.com,Somalia,2023-05-14
278,Maria,Perez,kevin08@example.org,Algeria,2024-01-23
279,Tanner,Cardenas,clayfrank@example.org,Western Sahara,2022-11-26
280,Gina,Williams,farmermichael@example.net,Pitcairn Islands,2023-03-11
281,Timothy,Smith,gutierrezdavid@example.org,United States of America,2024-03-02
282,Samuel,Harper,kathrynhodges@example.com,Seychelles,2023-09-07
283,Anna,Turner,rgarcia@example.net,Haiti,2022-09-23
284,Joseph,Johnson,biancacarter@example.org,Myanmar,2024-01-03
285,Martha,Rice,melinda58@example.net,Morocco,2022-09-16
286,Robert,Chambers,andrewsbrian@example.org,Brazil,2024-05-20
287,Scott,Williams,sotoanita@example.org,Western Sahara,2023-10-25
288,Cathy,Rivers,taylornicole@example.net,Tajikistan,2023-06-04
289,Brittany,Martin,valeriefreeman@example.org,Guinea,2023-02-11
290,Sydney,Davis,randalltravis@example.org,Italy,2023-10-09
291,Sarah,Huang,pguerra@example.org,Guadeloupe,2024-04-08
292,Ralph,Gibbs,martinezmatthew@example.org,Finland,2024-05-20
293,Nancy,Mckinney,acostajonathan@example.com,Bangladesh,2023-01-06
294,Stephen,Miles,gelliott@example.org,Turkmenistan,2023-07-04
295,Kim,Zimmerman,uhoffman@example.net,Slovakia (Slovak Republic),2023-03-27
296,Blake,Garcia,alvarezangelica@example.org,Panama,2022-09-10
297,Jackie,Martin,benjamin74@example.org,Bangladesh,2024-06-11
298,Jacqueline,Martin,jessicajohnson@example.org,Uzbekistan,2023-02-15
299,Colton,Glass,perryelizabeth@example.net,Israel,2022-11-03
300,Paul,David,batesmegan@example.com,Belize,2023-08-09
301,Michael,Miller,joseph40@example.net,Sierra Leone,2022-11-03
302,Ashley,Beck,tracy17@example.com,Solomon Islands,2024-01-14
303,Stephen,Howard,dlowe@example.com,Georgia,2023-08-11
304,Jessica,Elliott,jacob49@example.org,Holy See (Vatican City State),2022-08-13
305,David,Meyers,pmorris@example.com,Ukraine,2023-12-30
306,Melissa,Green,deborahmurray@example.com,Qatar,2024-02-10
307,Kelly,West,michaelsolomon@example.org,Trinidad and Tobago,2024-01-04
308,Joshua,Ward,louis28@example.com,Costa Rica,2022-11-23
309,Rebecca,Tucker,mlong@example.com,Greenland,2023-06-30
310,Darrell,Burch,barneswilliam@example.com,Bolivia,2024-07-20
311,Dana,Anderson,ian56@example.org,Libyan Arab Jamahiriya,2023-03-18
312,Cynthia,Evans,owenskayla@example.net,Netherlands,2024-06-28
313,Hailey,Morales,yford@example.net,Spain,2023-10-31
314,Nicole,Marshall,jamesronald@example.com,Indonesia,2024-02-25
315,Terri,May,zbishop@example.org,Guyana,2023-09-30
316,David,Willis,maguirre@example.org,United States Virgin Islands,2022-11-26
317,Guy,Anderson,pcantu@example.com,Eritrea,2022-10-19
318,Dakota,Parks,achristensen@example.org,French Southern Territories,2023-06-17
319,Stephanie,Lopez,smartin@example.org,Afghanistan,2024-07-16
320,Keith,Owen,rwhitaker@example.com,Syrian Arab Republic,2023-08-13
321,Derek,James,ywilson@example.org,Malta,2023-01-11
322,Kevin,Sosa,hrobinson@example.org,Zimbabwe,2024-07-02
323,Amy,Hoover,weaverchristine@example.org,Brazil,2024-06-15
324,Andrew,Diaz,miguel46@example.net,Honduras,2023-03-17
325,Andrew,Burch,powerscarmen@example.com,Palau,2024-02-23
326,Alexander,Gonzalez,jessicakennedy@example.org,Nicaragua,2023-06-17
327,Monica,Williams,rebeccawilliamson@example.net,Oman,2022-11-18
328,Teresa,Anderson,danielle47@example.com,Cote d'Ivoire,2023-05-16
329,Curtis,Carson,christinagriffith@example.org,Indonesia,2023-11-22
330,Jon,Pierce,daniel15@example.net,Bangladesh,2023-08-11
331,Nicole,Elliott,davisamber@example.org,Guam,2023-06-05
332,Debra,Garcia,johnsonpaul@example.org,North Macedonia,2022-10-10
333,Johnny,Johnston,roberthuerta@example.com,United States of America,2022-09-23
334,Brian,Hall,timothycarrillo@example.net,North Macedonia,2022-09-26
335,Ryan,Holland,roy40@example.com,Antigua and Barbuda,2023-06-14
336,Jackson,Murray,seansmith@example.com,Dominican Republic,2022-10-01
337,Bradley,Henry,christopherbryant@example.com,Serbia,2023-02-21
338,Lauren,Cox,leahbarnes@example.org,Cayman Islands,2022-08-19
339,Patricia,Gomez,alyssa07@example.org,Pitcairn Islands,2023-01-30
340,Caleb,Francis,sharon87@example.net,Cook Islands,2022-08-03
341,Brent,Warner,nicholaswelch@example.net,Spain,2023-07-18
342,Charles,Ingram,chuber@example.com,Nigeria,2023-01-06
343,Christopher,Davis,lindamartin@example.com,French Southern Territories,2022-12-31
344,Johnny,Carter,bryan37@example.net,Taiwan,2022-11-19
345,Victor,Braun,fordchristopher@example.org,Cambodia,2023-02-11
346,Cody,Chen,davidstephens@example.org,South Georgia and the South Sandwich Islands,2023-04-20
347,Randy,Adkins,qvargas@example.com,Bhutan,2024-07-24
348,Christopher,Wilkerson,kingdarlene@example.com,Holy See (Vatican City State),2023-08-03
349,Michelle,Ellison,kristinekennedy@example.net,Malawi,2022-11-23
350,David,Snyder,karen63@example.org,Marshall Islands,2023-02-05
351,Eric,May,swansonjacob@example.net,Faroe Islands,2023-03-18
352,Norma,Holland,anna89@example.org,Cote d'Ivoire,2022-08-08
353,Jared,Nichols,lisa89@example.org,Comoros,2024-01-22
354,Gregory,Preston,john12@example.org,India,2022-08-02
355,Donald,Dudley,robert67@example.net,Maldives,2023-07-20
356,Rebecca,Horton,ericcooper@example.net,Panama,2022-10-08
357,Jessica,Kennedy,robert21@example.net,Montenegro,2023-03-08
358,Gabriel,Adams,morgandixon@example.net,Guernsey,2023-08-15
359,Lori,Decker,tmay@example.com,Estonia,2023-04-12
360,Christopher,West,gibsonallison@example.net,Brazil,2024-06-16
361,Scott,Clayton,farmerdavid@example.org,Oman,2023-03-05
362,Michael,Smith,williamskendra@example.com,Bangladesh,2024-01-29
363,Joshua,Carr,alexandertorres@example.com,Martinique,2023-08-23
364,Christina,Dodson,llee@example.org,Jamaica,2023-05-17
365,Cheyenne,Garza,michael70@example.org,Chile,2023-01-23
366,Brandon,Mathis,kylecompton@example.com,Somalia,2022-12-13
367,Christopher,Davis,gmann@example.com,Namibia,2023-11-13
368,Tony,Mays,qflynn@example.net,Andorra,2023-03-18
369,Daniel,Robinson,simonmarco@example.com,Antigua and Barbuda,2023-10-02
370,Brandon,Douglas,joshuaanderson@example.org,Mali,2023-11-18
371,Sydney,Hughes,roy68@example.org,Seychelles,2023-06-22
372,David,Ingram,kylejones@example.org,Cook Islands,2022-12-21
373,Brandon,Rodriguez,josephmassey@example.org,Belarus,2022-10-19
374,Larry,Bradley,cedwards@example.org,Oman,2023-08-20
375,Timothy,Griffin,nlara@example.org,Syrian Arab Republic,2022-08-15
376,Jennifer,Osborne,marymack@example.net,Zambia,2023-07-17
377,Ethan,Alvarez,johnsonkimberly@example.net,Albania,2024-01-21
378,William,Jefferson,michelle70@example.org,Barbados,2022-10-02
379,Patricia,Moore,grahamashley@example.net,United States of America,2023-04-30
380,April,Austin,baileycharles@example.org,Cocos (Keeling) Islands,2023-03-17
381,Adrian,Booth,robertgallagher@example.net,Antigua and Barbuda,2024-05-12
382,Michael,Tyler,christopherlong@example.com,Solomon Islands,2023-01-07
383,John,Downs,oscott@example.net,Dominican Republic,2024-04-18
384,Jessica,Kramer,ilewis@example.org,Tanzania,2023-08-22
385,Joy,Cannon,geoffrey70@example.org,Swaziland,2024-03-15
386,Jason,Johnson,calderonlaura@example.com,Bosnia and Herzegovina,2023-10-23
387,Mary,Pena,wagnerkayla@example.com,Botswana,2022-12-10
388,Joseph,Walls,ofrazier@example.net,Saint Barthelemy,2024-03-19
389,Shannon,Hamilton,tanner98@example.net,Christmas Island,2022-12-11
390,Jill,Williams,ismith@example.org,Cuba,2022-11-17
391,Brandon,Jarvis,yhall@example.com,Ecuador,2022-11-12
392,Timothy,Luna,xhubbard@example.net,Iraq,2023-05-13
393,Melissa,Gregory,uwhitney@example.net,Solomon Islands,2023-05-31
394,Becky,Castro,lindsey46@example.org,Montenegro,2023-12-04
395,David,Holt,karenwilson@example.org,Antigua and Barbuda,2024-07-08
396,Christina,Simon,robert42@example.com,Guatemala,2022-11-25
397,Crystal,Page,davisnoah@example.net,Paraguay,2023-02-13
398,Sean,Huffman,nicholas64@example.org,Bahamas,2023-12-21
399,Dustin,Snyder,wrhodes@example.org,Kiribati,2023-10-31
400,Gabriella,Wells,lewisdonna@example.com,Korea,2024-06-29
401,Ashley,Black,johnsonstephen@example.net,Bhutan,2023-12-25
402,William,Leonard,jeffpacheco@example.org,Guinea,2022-08-13
403,Emily,Arias,erica61@example.org,Paraguay,2023-09-04
404,Carl,Scott,brownmatthew@example.org,Burkina Faso,2023-02-13
405,Gerald,Schwartz,michellerodriguez@example.com,Benin,2024-07-26
406,Paul,Crawford,david71@example.net,Bosnia and Herzegovina,2023-07-27
407,Eduardo,Ballard,gregory17@example.org,South Georgia and the South Sandwich Islands,2024-05-25
408,Crystal,Estrada,garciaphillip@example.com,Aruba,2023-03-24
409,Glenn,Horton,marilynlong@example.net,Saint Martin,2023-10-11
410,Sean,Woods,monicapowell@example.net,Greenland,2022-10-21
411,Alyssa,Rios,alishahoffman@example.com,Nicaragua,2024-01-20
412,Christopher,Williams,brianjordan@example.com,Tonga,2022-10-08
413,Krista,Williams,zday@example.com,Seychelles,2024-04-02
414,Michael,Cannon,ocabrera@example.com,Indonesia,2023-12-09
415,Joshua,Thompson,monicaweaver@example.com,British Indian Ocean Territory (Chagos Archipelago),2022-08-09
416,Andrew,Martin,jamesgraves@example.org,Togo,2023-08-19
417,Megan,Lawson,ballardmargaret@example.com,Malta,2022-09-30
418,Billy,Roberts,vaughandaniel@example.net,Korea,2023-01-24
419,Lisa,Collins,drodriguez@example.org,Congo,2022-09-03
420,Jennifer,Burke,meyersjoanna@example.net,Belize,2022-12-07
421,Kimberly,Richardson,ldrake@example.net,Zambia,2022-12-25
422,Anna,Molina,wlewis@example.com,Palestinian Territory,2022-10-29
423,Michael,Leonard,perezrachel@example.net,Uruguay,2023-10-28
424,Theresa,Young,wcummings@example.net,Norfolk Island,2022-12-17
425,Karen,Robinson,austin23@example.com,Tokelau,2023-06-17
426,Paula,Stephens,bishopdebra@example.net,Chad,2023-03-10
427,Ethan,Ball,robertsanchez@example.net,Cook Islands,2023-04-11
428,Cameron,West,theresa22@example.org,Angola,2022-12-19
429,Eric,Harrison,alan76@example.net,Venezuela,2024-02-26
430,Nicholas,Thompson,parkkathryn@example.com,Tuvalu,2023-12-06
431,David,Hart,websterpaul@example.net,Thailand,2023-12-01
432,James,Walker,akennedy@example.org,Antarctica (the territory South of 60 deg S),2024-04-29
433,Nicole,Finley,timothy33@example.net,Cameroon,2023-05-30
434,Danny,Brooks,paul18@example.net,Timor-Leste,2023-02-25
435,Karen,Love,masonlatasha@example.org,Isle of Man,2024-05-13
436,Aimee,Martin,lphillips@example.com,Gabon,2023-11-27
437,Jill,Wright,christinasmith@example.com,South Africa,2023-01-31
438,Christopher,Melendez,timothy08@example.org,Wallis and Futuna,2024-05-21
439,Kathy,Smith,garrett47@example.net,Panama,2023-02-18
440,Matthew,Miller,ileon@example.com,British Indian Ocean Territory (Chagos Archipelago),2022-12-15
441,Stephen,Johnson,joseph33@example.net,Latvia,2023-12-29
442,Thomas,Lara,cookmichael@example.com,Andorra,2023-02-28
443,Katrina,Smith,valeriebean@example.org,Estonia,2022-09-04
444,Brian,Stevens,uhawkins@example.com,Sudan,2023-04-30
445,Donna,Graham,catherine55@example.org,Finland,2023-08-21
446,Casey,Frazier,sarah34@example.net,Reunion,2023-01-10
447,Larry,Potts,brendabutler@example.org,Cayman Islands,2023-04-10
448,Jennifer,Harrison,aguilarcarol@example.net,Saint Martin,2023-01-01
449,Jeffery,Cisneros,leejessica@example.org,Saint Barthelemy,2023-08-27
450,Michelle,Warner,susan39@example.net,Niue,2023-06-08
451,Timothy,Smith,barkernicholas@example.org,Bouvet Island (Bouvetoya),2023-12-24
452,Catherine,Sellers,ashleewhite@example.org,Madagascar,2023-04-04
453,Lauren,Dean,andrewjones@example.com,Sao Tome and Principe,2023-06-21
454,Adrian,Nunez,john21@example.org,Ghana,2022-11-21
455,Jessica,Mccarthy,tabitha96@example.net,Heard Island and McDonald Islands,2024-06-25
456,Jeremy,Whitaker,kingfaith@example.org,Tajikistan,2024-05-28
457,Angela,Pacheco,carol21@example.net,Sri Lanka,2024-01-27
458,Robert,Frye,james97@example.com,Bouvet Island (Bouvetoya),2024-01-08
459,Robert,Gould,cookedanielle@example.org,Denmark,2023-05-14
460,Melissa,Potts,benjaminhall@example.net,Fiji,2022-09-27
461,Tina,Lane,mcknightdana@example.org,Seychelles,2023-02-09
462,David,Clark,emily02@example.org,Egypt,2022-08-27
463,Justin,Turner,ricky75@example.com,Lithuania,2024-04-19
464,Heather,Holmes,nicholas47@example.net,United Kingdom,2022-11-03
465,Elizabeth,Jackson,opatton@example.com,Fiji,2022-09-12
466,Michael,Bryan,christopherdavis@example.com,Suriname,2023-11-18
467,Kylie,Edwards,anne96@example.net,Gabon,2024-04-20
468,Thomas,Rivera,smithkevin@example.org,Saint Helena,2024-03-20
469,Jasmine,Mata,krivera@example.net,Thailand,2024-06-08
470,Alexis,Shepherd,shawnorozco@example.org,American Samoa,2023-04-20
471,Mary,Allen,robinmartin@example.com,Nepal,2023-05-15
472,Norman,Sanders,andrewoneill@example.com,Mauritania,2023-05-07
473,John,Baldwin,julia19@example.net,Portugal,2024-04-18
474,Elizabeth,Wallace,hunterclark@example.com,Cuba,2023-08-21
475,Emma,Henderson,lindsey11@example.com,Korea,2023-07-06
476,Daniel,Wilson,shawn08@example.com,Sao Tome and Principe,2023-04-21
477,Morgan,Medina,taylorpeter@example.org,Nepal,2024-06-18
478,Samuel,Choi,elliottsarah@example.com,Tajikistan,2022-11-20
479,Rebecca,Brown,xjordan@example.com,Thailand,2022-11-22
480,Teresa,Woods,andersonsteven@example.org,Palau,2022-11-04
481,Stacey,Ray,annettevillanueva@example.net,United States Virgin Islands,2023-04-05
482,Susan,Mccoy,emitchell@example.org,Saint Pierre and Miquelon,2023-11-12
483,Michael,Wilson,crystal92@example.com,Central African Republic,2024-02-24
484,Debra,Martin,brettmartin@example.com,Bosnia and Herzegovina,2022-09-23
485,Hannah,Conway,coxnicholas@example.org,Slovakia (Slovak Republic),2022-12-29
486,Victoria,Smith,dcobb@example.net,Anguilla,2023-06-02
487,Barry,Carroll,scottheather@example.net,Guyana,2024-03-18
488,Mallory,Jones,michaelmanning@example.net,Sri Lanka,2023-10-23
489,Troy,Nelson,susansims@example.com,Hong Kong,2023-10-10
490,Stephanie,Anderson,qcopeland@example.org,Bouvet Island (Bouvetoya),2022-11-30
491,Kellie,Peters,uflynn@example.net,Pitcairn Islands,2023-05-20
492,Cristian,Kane,ipeters@example.net,Mali,2023-08-02
493,Allison,Dunn,cjones@example.net,Belgium,2024-07-22
494,Christopher,Mckinney,evanwalker@example.org,Ethiopia,2024-06-04
495,Lynn,Le,hwalker@example.com,Austria,2022-09-29
496,Jasmine,Schwartz,philip19@example.org,Algeria,2024-01-03
497,Daniel,Garrett,murrayjulia@example.net,Bahamas,2024-01-15
498,Patricia,Dixon,kelly63@example.com,Djibouti,2024-06-27
499,Patricia,Jensen,sheilabailey@example.com,Seychelles,2024-06-11
500,Megan,Boyd,twillis@example.com,Belize,2023-08-14
501,Christine,Rice,ycarroll@example.com,Slovenia,2022-10-03
502,James,Li,jerry42@example.org,Liechtenstein,2024-07-06
503,Charles,Chapman,ortizholly@example.net,Montenegro,2023-08-06
504,Bradley,Willis,mark89@example.com,Croatia,2024-04-08
505,Karen,Ortiz,jennapeterson@example.net,Libyan Arab Jamahiriya,2023-06-16
506,Sarah,Browning,kyle06@example.org,Nigeria,2023-02-14
507,Jeremy,Wilson,bradley66@example.com,Venezuela,2023-07-02
508,Robert,Lin,christopherroman@example.org,Slovakia (Slovak Republic),2023-10-08
509,Elizabeth,Johnson,angelahill@example.net,Kyrgyz Republic,2024-05-13
510,Nicholas,Barnett,kevinschneider@example.com,American Samoa,2022-09-06
511,Joseph,Gay,john21@example.net,Cyprus,2023-01-02
512,Robert,Trujillo,warnergarrett@example.org,Egypt,2023-03-28
513,Scott,Miller,slarson@example.net,Singapore,2022-12-09
514,Kristie,Sanchez,watsonkatherine@example.org,Norway,2023-12-02
515,Aaron,Farley,ashleyriley@example.net,Trinidad and Tobago,2024-01-12
516,Jason,Sanford,rjohnson@example.com,Pakistan,2022-10-27
517,Brian,Jackson,daniel11@example.org,United Kingdom,2023-08-20
518,Judith,Thomas,ijones@example.net,Cook Islands,2023-04-10
519,Jose,Sanford,jeffrey83@example.net,Tuvalu,2022-08-11
520,Omar,Murray,donalddavila@example.org,Estonia,2022-12-06
521,Amanda,Merritt,michelleray@example.org,French Guiana,2024-07-21
522,Ellen,Ryan,nashmatthew@example.org,Saint Vincent and the Grenadines,2022-10-22
523,Michelle,Pierce,gsanchez@example.net,Saint Helena,2024-05-08
524,Perry,Erickson,reedkara@example.net,United Arab Emirates,2023-06-06
525,Lisa,Phillips,cclark@example.net,Togo,2022-10-14
526,Seth,Robinson,treyes@example.com,Saint Barthelemy,2024-04-05
527,Scott,Jones,danielburton@example.com,Tokelau,2023-06-26
528,Justin,Smith,monicaherrera@example.com,Gambia,2022-08-06
529,Sean,Mccormick,robertbush@example.org,Paraguay,2023-09-14
530,Marcus,Chandler,gina52@example.org,Mexico,2022-09-03
531,Steven,Joseph,jharrison@example.net,Paraguay,2024-05-16
532,Paul,Jones,jessicahill@example.net,Svalbard & Jan Mayen Islands,2022-12-26
533,Melissa,Bailey,spalmer@example.org,Central African Republic,2022-10-03
534,Taylor,Sanford,acook@example.com,Zambia,2023-08-15
535,Michelle,Rodriguez,pedrobecker@example.com,Cook Islands,2023-03-07
536,Cassandra,Hudson,andradecrystal@example.org,Hungary,2024-02-06
537,Jeffrey,Ayala,christina68@example.net,Azerbaijan,2024-07-25
538,Michael,Gonzalez,ywatts@example.com,Ecuador,2023-03-28
539,Molly,Richard,kyle53@example.net,China,2024-06-16
540,Lindsey,Parker,christina10@example.com,Mexico,2024-06-21
541,Adrienne,Fletcher,taylorfreeman@example.com,Antigua and Barbuda,2024-04-04
542,Richard,Larson,sarah78@example.net,Mauritius,2023-01-22
543,Crystal,Ramos,pwhite@example.net,Vanuatu,2023-06-29
544,Haley,May,qsmith@example.com,Slovakia (Slovak Republic),2022-11-29
545,Jason,Davila,leonardkimberly@example.com,Tuvalu,2023-04-10
546,Thomas,Powell,fdunn@example.net,Uganda,2024-06-24
547,Jason,Jones,paula53@example.net,Angola,2023-08-29
548,Jennifer,Maddox,gonzalesrebecca@example.net,Kuwait,2023-09-07
549,Shawn,Sanders,mary84@example.net,Sudan,2023-12-02
550,David,Rich,iwalsh@example.com,Bosnia and Herzegovina,2023-10-05
551,Cathy,Baker,qreyes@example.com,Burundi,2024-01-15
552,Juan,Green,amyharmon@example.org,Myanmar,2022-08-07
553,Holly,Boyd,ethantyler@example.net,Taiwan,2023-12-29
554,Carrie,Wells,ranthony@example.com,Kazakhstan,2023-11-14
555,Debra,Johnson,mitchelldustin@example.com,Aruba,2022-11-20
556,Amanda,George,staceyreed@example.net,Nauru,2023-01-30
557,Brent,Gordon,carol60@example.com,Lithuania,2024-03-25
558,Sherry,Wilson,bowmanmichael@example.net,Azerbaijan,2023-08-28
559,Linda,Mccarty,patricia25@example.org,Tuvalu,2022-10-22
560,Matthew,Anderson,mariah99@example.com,Saint Barthelemy,2023-10-14
561,Nicholas,Johnson,hernandezscott@example.org,French Guiana,2022-11-14
562,Stacy,Hunt,nelsonperry@example.org,Guyana,2023-05-02
563,Jason,Anderson,simonsara@example.org,Northern Mariana Islands,2023-01-04
564,Julie,Griffin,tylerfrances@example.net,French Guiana,2022-12-17
565,Michael,Thompson,cshelton@example.org,Senegal,2024-04-16
566,Melinda,Arias,michaelthomas@example.net,Tuvalu,2022-10-02
567,Kathleen,Woods,alex77@example.net,Albania,2023-02-14
568,Daniel,Wright,sarah38@example.com,Cote d'Ivoire,2024-01-16
569,Julia,Cole,erin04@example.org,Latvia,2023-03-22
570,Anthony,Lewis,smithconnie@example.org,Portugal,2023-06-19
571,Teresa,Walters,toddaustin@example.org,El Salvador,2024-01-03
572,Christina,Hernandez,steelekathleen@example.net,Pitcairn Islands,2023-09-28
573,Jacob,Lambert,flynnmarcus@example.net,Panama,2023-04-07
574,Jennifer,Garrett,mackenziemontgomery@example.net,Bahamas,2023-12-12
575,Alexander,Sanchez,bwilliams@example.com,Hong Kong,2023-10-19
576,Thomas,Townsend,rodriguezlisa@example.com,Tunisia,2024-03-05
577,Brian,Smith,kelly00@example.com,Isle of Man,2023-03-02
578,Timothy,Wilson,victoriaflores@example.com,China,2023-07-09
579,Melanie,Franco,vwashington@example.net,Ecuador,2023-01-25
580,Destiny,Baker,rlucero@example.com,Burkina Faso,2023-11-29
581,Heather,Johnston,millerbrian@example.net,United Arab Emirates,2023-12-04
582,Scott,Hansen,castillocheryl@example.net,Bosnia and Herzegovina,2023-12-24
583,Jennifer,Hurley,christinemoore@example.net,Russian Federation,2023-04-04
584,Denise,Huang,brad33@example.org,Zimbabwe,2023-04-21
585,Jennifer,Valencia,davidlynch@example.org,Angola,2023-10-27
586,Steven,Sosa,brownmelissa@example.org,Norway,2023-12-05
587,Patricia,Brown,hillcalvin@example.org,Mauritania,2023-01-25
588,Lauren,Howell,bushfrank@example.net,Japan,2023-06-26
589,Adam,Martin,william86@example.com,Mauritius,2022-08-17
590,Alicia,Thomas,kcoleman@example.com,Greenland,2023-09-16
591,Laura,Calderon,schmidtnatalie@example.net,Syrian Arab Republic,2023-06-01
592,James,Hebert,jeffreykelly@example.net,Ukraine,2022-09-14
593,Melissa,Williams,lacey44@example.net,Nepal,2023-10-13
594,Evelyn,Bautista,regina20@example.net,Bahrain,2022-09-02
595,Tara,Mejia,olong@example.org,Malaysia,2023-11-07
596,Lindsey,Hernandez,rebecca79@example.org,Cyprus,2022-08-13
597,James,Chambers,jonescynthia@example.org,Hong Kong,2024-03-29
598,Michael,Stephens,richardchambers@example.net,Bhutan,2023-02-21
599,Vanessa,Smith,byrdmarvin@example.com,Gabon,2024-05-31
600,Anthony,Lopez,marie34@example.com,Cambodia,2024-07-03
601,Kristina,Bishop,steven07@example.com,Sierra Leone,2022-12-25
602,Brian,Miller,juliewalton@example.com,Cambodia,2023-07-29
603,Kevin,Chang,jcarter@example.org,Martinique,2024-03-30
604,Robert,Molina,benjamin70@example.net,Egypt,2023-10-23
605,Katelyn,Parks,richardsonpatricia@example.org,Algeria,2024-07-21
606,Michael,Hawkins,khananne@example.com,Serbia,2023-06-23
607,Melissa,Johnson,john39@example.net,Georgia,2024-04-04
608,Randy,Conrad,lewiskelsey@example.org,Malta,2023-03-13
609,Laura,Harris,victor52@example.org,Argentina,2023-01-14
610,Steven,Bowers,hamiltondonna@example.org,Northern Mariana Islands,2022-11-18
611,Matthew,Floyd,lisa29@example.com,Andorra,2023-05-07
612,Jennifer,Johnson,isaacsmith@example.net,Bolivia,2023-03-01
613,Evelyn,Atkinson,curtislarsen@example.com,Cambodia,2023-04-30
614,Diana,Yang,jonathan59@example.com,Uzbekistan,2024-05-16
615,Bob,Mercado,walter34@example.com,Somalia,2022-10-03
616,Amber,Malone,carrollalicia@example.com,Nicaragua,2023-10-28
617,Blake,Hughes,cassandra09@example.org,South Georgia and the South Sandwich Islands,2022-10-30
618,Denise,Diaz,ayalajames@example.org,Ukraine,2022-10-31
619,Corey,Reed,ojohnson@example.org,Nicaragua,2024-07-05
620,Glenn,Patel,esmith@example.org,Fiji,2022-10-15
621,Patricia,Cain,bryantnatalie@example.com,Ukraine,2023-01-13
622,Joseph,Dudley,robertowen@example.com,North Macedonia,2023-03-05
623,Richard,Johnson,martinezaustin@example.com,Bulgaria,2023-05-27
624,Victoria,Myers,ubutler@example.net,Switzerland,2023-10-11
625,Donna,Gross,jasonjones@example.net,Vanuatu,2024-01-31
626,Jennifer,Mcdaniel,william67@example.com,Kenya,2023-02-27
627,Juan,Ruiz,ugutierrez@example.org,Papua New Guinea,2023-03-28
628,Robert,Terry,cbrady@example.com,Cambodia,2023-05-21
629,Diana,Nolan,hancockgina@example.com,Ghana,2024-03-27
630,Cassie,Lang,cherylcombs@example.com,Bermuda,2023-11-18
631,Zachary,Hudson,wandapeters@example.org,Malta,2023-05-10
632,Karen,Trevino,valerie46@example.net,Namibia,2023-10-19
633,Suzanne,Dennis,barajasmichele@example.net,Mauritius,2022-10-12
634,Joseph,Strickland,daywilliam@example.net,Cayman Islands,2022-12-03
635,Judy,Gonzales,juliehebert@example.org,Bermuda,2024-02-01
636,Denise,Pope,brobertson@example.com,French Southern Territories,2024-03-13
637,David,Harris,yolandabrandt@example.net,Djibouti,2023-12-31
638,April,Chavez,roger35@example.com,Azerbaijan,2023-12-13
639,Ryan,Clark,maria13@example.org,Kenya,2022-09-18
640,Valerie,Bell,emcguire@example.org,El Salvador,2023-10-13
641,Kimberly,Garcia,thomas44@example.net,Slovakia (Slovak Republic),2023-02-18
642,Matthew,Brown,scottashley@example.net,Antigua and Barbuda,2023-04-02
643,Ray,Salazar,staylor@example.net,Puerto Rico,2024-03-08
644,Nathaniel,Rodriguez,ohughes@example.net,Austria,2024-04-26
645,Brandon,Quinn,hhoffman@example.com,Sudan,2023-02-08
646,Tracy,Anderson,kenneth99@example.org,Holy See (Vatican City State),2024-03-26
647,Matthew,Avila,michael16@example.org,Malaysia,2024-03-06
648,Emily,Simmons,bholloway@example.org,Lebanon,2022-10-19
649,Debra,Fowler,nbeasley@example.org,Rwanda,2022-09-11
650,Keith,Scott,rebeccamurphy@example.org,Saint Lucia,2023-07-02
651,Michael,Jones,warren04@example.net,Bouvet Island (Bouvetoya),2022-10-09
652,Traci,Yu,sheltonkevin@example.org,Ethiopia,2023-05-26
653,Joseph,King,johnsonjames@example.com,Kazakhstan,2022-11-14
654,Brianna,Davidson,baldwintodd@example.org,Samoa,2024-04-16
655,Robert,Lopez,jennawilliams@example.org,Malaysia,2023-12-17
656,David,Salazar,walkerkelly@example.net,Egypt,2022-08-24
657,Ronald,Dean,maddenbrandon@example.com,Germany,2022-10-18
658,Jennifer,Hernandez,jesse37@example.com,Tuvalu,2024-06-03
659,Donald,Allen,dawngreene@example.net,Timor-Leste,2023-11-01
660,Tracy,Wright,zbuchanan@example.com,South Georgia and the South Sandwich Islands,2024-06-16
661,Jonathan,Turner,ashley77@example.org,Hungary,2024-04-30
662,Jay,Foster,peggy99@example.com,United States Virgin Islands,2023-05-24
663,Katrina,Lopez,coryjohns@example.net,Turkey,2024-01-20
664,Amy,Fernandez,lauren65@example.com,Equatorial Guinea,2023-09-19
665,Angela,Phillips,mkennedy@example.com,Kyrgyz Republic,2023-06-01
666,John,Landry,xcook@example.net,Yemen,2023-04-19
667,Catherine,Erickson,zacharyhogan@example.com,Afghanistan,2022-12-26
668,Lisa,Blackwell,hayeswayne@example.com,Western Sahara,2023-03-14
669,Gregory,Smith,prestonmichele@example.com,Antarctica (the territory South of 60 deg S),2023-02-28
670,Christopher,Stokes,brooke64@example.com,Uganda,2023-11-16
671,Steven,Miller,laurie94@example.net,Wallis and Futuna,2023-06-01
672,Alyssa,Patterson,davidlandry@example.net,Lebanon,2024-07-01
673,Craig,Thomas,hawkinskristen@example.org,Burundi,2023-02-02
674,Javier,Smith,xnorris@example.com,Syrian Arab Republic,2022-12-31
675,Matthew,Lindsey,nathan11@example.org,Mongolia,2022-10-10
676,Daniel,Delacruz,holly86@example.com,Botswana,2022-08-19
677,Andrea,Stewart,gwheeler@example.com,Pakistan,2024-02-15
678,Jane,Turner,russelleric@example.net,Belize,2024-07-21
679,Glenn,Ellis,michaelfischer@example.com,Algeria,2022-12-25
680,Aaron,Smith,browningscott@example.net,United States of America,2022-10-18
681,Jennifer,Mcdaniel,phamcourtney@example.org,Afghanistan,2024-04-20
682,Jillian,Cardenas,jonathanjohnson@example.net,Croatia,2024-03-20
683,Tristan,Lee,ulewis@example.com,Falkland Islands (Malvinas),2024-02-03
684,Monica,Williams,wyattcastro@example.com,Rwanda,2023-07-13
685,Stephen,Lawson,wwaters@example.net,Mali,2024-01-11
686,Christopher,Cole,taylorjohn@example.org,Iran,2024-04-16
687,Sarah,Pena,hhernandez@example.org,Iceland,2023-10-18
688,Rhonda,Miles,walshbrian@example.net,Bulgaria,2023-03-31
689,Thomas,Butler,varias@example.net,Sri Lanka,2024-07-04
690,Cynthia,Walsh,jsmith@example.org,Panama,2023-08-17
691,Grant,Wright,dayjohn@example.org,Chad,2023-08-26
692,Benjamin,Hernandez,katieperry@example.com,Faroe Islands,2022-11-16
693,Thomas,Gentry,emendez@example.com,Belize,2023-03-21
694,Sandra,Reyes,christopher39@example.com,Lesotho,2024-05-17
695,Dennis,Harper,kathryn93@example.com,Saint Barthelemy,2023-07-22
696,Robert,Davis,ronaldguzman@example.org,Senegal,2024-03-22
697,Rachel,Jones,agray@example.net,Bangladesh,2024-06-12
698,Austin,Cruz,ian45@example.net,Swaziland,2023-06-28
699,Nicole,Marks,guerrerowayne@example.com,Spain,2024-04-02
700,Amber,Rivera,wrightleah@example.com,Sudan,2023-07-25
701,William,Anderson,wanda29@example.org,Cape Verde,2024-04-14
702,Barbara,Stout,anthonyreynolds@example.net,Niue,2023-08-14
703,Jessica,Barber,johnthomas@example.com,Jersey,2023-07-16
704,Stephanie,Powers,howardjustin@example.net,Colombia,2023-07-02
705,Kelly,George,lauren14@example.org,Luxembourg,2023-09-10
706,Monica,Stevenson,emmacopeland@example.net,Korea,2023-08-31
707,Jennifer,Downs,jessicalopez@example.org,Liechtenstein,2024-05-14
708,Lisa,Johnson,maxwellwilson@example.com,Saudi Arabia,2024-03-21
709,Jordan,Hill,cynthiacarroll@example.com,Antigua and Barbuda,2023-04-07
710,Erin,Edwards,jeffery20@example.net,Holy See (Vatican City State),2023-10-13
711,Trevor,Smith,campbellphillip@example.net,Saint Kitts and Nevis,2023-01-25
712,Anthony,Wilson,barrettdana@example.org,Cyprus,2024-03-18
713,Adam,Rivera,kristy79@example.org,South Africa,2023-04-02
714,Sharon,Wilson,amy40@example.com,Ecuador,2022-11-01
715,Lauren,Parker,mercerdawn@example.com,Isle of Man,2023-02-10
716,Tara,Davis,jmorris@example.org,Kenya,2022-12-01
717,Paul,Collins,perezchristina@example.org,Brazil,2024-01-02
718,Jason,Hernandez,nancy82@example.net,Mongolia,2023-02-03
719,Amy,Hernandez,perezyvonne@example.net,Saint Vincent and the Grenadines,2023-04-04
720,Justin,Barnes,sgonzales@example.net,Andorra,2023-10-18
721,Henry,Dunn,gloria22@example.com,Djibouti,2023-10-01
722,Rebecca,Acevedo,melanie02@example.org,Norfolk Island,2023-01-31
723,Nicole,Wyatt,wnelson@example.org,Kiribati,2024-01-22
724,Sandra,Hudson,snyderjennifer@example.org,Portugal,2023-09-27
725,William,Gray,chadlewis@example.com,Israel,2023-01-10
726,Hannah,Kidd,thomas16@example.net,Cote d'Ivoire,2023-02-18
727,Jeffrey,Sims,thomaswilson@example.org,Tunisia,2024-06-23
728,Kara,Acosta,barbaraserrano@example.com,Liechtenstein,2024-03-18
729,Nicole,Haas,dana42@example.net,Indonesia,2023-02-04
730,Christopher,Smith,moralestyler@example.com,Finland,2023-10-01
731,Melissa,Hoover,oramirez@example.com,Denmark,2023-11-04
732,James,Hoffman,otran@example.com,Congo,2022-10-15
733,Mariah,Johnson,ygarner@example.com,Burundi,2023-01-17
734,Tara,Torres,bauercaroline@example.org,Liberia,2023-04-29
735,Andrew,Martinez,wlawson@example.org,Angola,2024-01-13
736,Cheryl,Hill,jasminestevens@example.net,Indonesia,2023-05-27
737,Robert,Reed,codysmith@example.org,Papua New Guinea,2023-02-25
738,Matthew,Ward,sara41@example.net,Bahrain,2024-04-25
739,Lisa,Wilson,richard32@example.com,Suriname,2023-04-07
740,Timothy,Campbell,mariagreer@example.net,Uruguay,2022-10-07
741,Jared,Hudson,elizabethjordan@example.net,Nigeria,2023-09-14
742,Amber,Foster,brittanybarajas@example.org,Moldova,2023-12-21
743,Justin,Kline,pfisher@example.net,Nicaragua,2023-10-03
744,Megan,Miller,ygonzalez@example.net,Guinea,2023-06-09
745,Alexander,Griffin,jamesowen@example.org,Haiti,2023-02-03
746,Sean,Adkins,christinablack@example.net,Turks and Caicos Islands,2022-09-12
747,Bryan,Fox,rhondamichael@example.org,Burundi,2022-11-08
748,Jessica,Proctor,heather92@example.net,Spain,2023-10-12
749,Tonya,Irwin,samantha60@example.net,Lesotho,2024-06-29
750,Joshua,Walter,leemary@example.com,United States of America,2022-11-15
751,Steven,Brewer,joshuamccormick@example.org,Puerto Rico,2023-12-22
752,Sylvia,Ortiz,anthony05@example.net,South Africa,2023-11-02
753,Lisa,Nelson,danielsbenjamin@example.com,Saint Lucia,2023-08-11
754,Robin,White,lisasanchez@example.org,Mauritania,2022-08-01
755,Megan,Juarez,danielbutler@example.com,Saint Pierre and Miquelon,2022-12-04
756,James,Smith,vincentharper@example.org,Belarus,2023-07-22
757,Adam,Landry,valerie60@example.net,Latvia,2023-03-06
758,Margaret,Miller,jeffrey50@example.org,Mayotte,2023-07-12
759,Sheila,Mayer,scottann@example.com,United Kingdom,2022-12-30
760,Lindsay,Barnes,andersonrichard@example.com,Tuvalu,2022-09-20
761,Jon,Mcpherson,mbutler@example.net,Sudan,2022-09-08
762,Kristen,Mccarthy,amy51@example.com,Kyrgyz Republic,2022-08-16
763,Cassidy,Carter,dananderson@example.net,Gibraltar,2024-02-29
764,Frank,Harris,gerald05@example.org,Georgia,2024-04-25
765,Charles,Bennett,feliciahernandez@example.org,Dominican Republic,2024-05-27
766,Mario,Johnson,williamelliott@example.org,Saint Barthelemy,2023-03-21
767,Julie,Tate,pharris@example.org,Egypt,2023-07-31
768,Marco,Garcia,victoriashannon@example.org,Greece,2022-12-13
769,Daniel,Ball,daltonhodges@example.org,Lebanon,2024-05-22
770,Shawn,Berry,mosleykristen@example.com,Luxembourg,2023-03-05
771,Abigail,Smith,dellis@example.com,Estonia,2022-12-28
772,John,Hunt,lorraineray@example.org,Singapore,2022-09-04
773,Denise,Daniel,travis00@example.org,Angola,2022-11-07
774,Brian,Gordon,lindsay35@example.com,Guadeloupe,2023-09-24
775,Linda,King,joshuamelton@example.net,Switzerland,2023-05-22
776,Louis,Hawkins,briansanchez@example.com,Qatar,2023-12-18
777,John,Lane,rebekahpowers@example.org,Brunei Darussalam,2023-06-03
778,Melinda,Clark,josephwatson@example.com,French Guiana,2022-11-29
779,Maxwell,Moore,royfrances@example.org,Marshall Islands,2023-03-07
780,Ashley,Farmer,peterjenkins@example.org,Bolivia,2022-09-28
781,Morgan,Davis,maria78@example.net,Zambia,2023-08-28
782,Michael,Watts,smithjose@example.org,Hong Kong,2022-12-05
783,Joseph,Stewart,jacobtaylor@example.org,Kenya,2023-02-27
784,Melissa,Castaneda,bakerchelsey@example.com,Mauritania,2023-06-15
785,Rachel,Miller,urobinson@example.net,Guatemala,2023-09-22
786,Julie,Carter,paulawilson@example.com,Nepal,2024-04-30
787,Karla,Wilson,alicia04@example.com,Bahamas,2023-02-04
788,Jamie,Chang,wayne19@example.net,Nepal,2023-01-03
789,Barry,Stone,pughjavier@example.org,French Guiana,2022-10-28
790,Julie,Gutierrez,andrea59@example.net,Uganda,2023-01-04
791,Barbara,Hart,julie73@example.net,Netherlands Antilles,2023-05-29
792,Edward,Gardner,markrichardson@example.com,Albania,2023-09-06
793,Willie,Martin,willie82@example.com,Eritrea,2024-07-01
794,Dawn,Patton,mariajohnson@example.org,Moldova,2022-12-18
795,Robert,Peters,baileyalex@example.net,Zimbabwe,2023-12-14
796,Edwin,Thompson,teresa18@example.net,Rwanda,2024-01-25
797,Kurt,Long,melanie89@example.org,United States of America,2024-04-23
798,Scott,Garner,sosborn@example.org,Estonia,2024-02-16
799,Brian,Matthews,anthonywilliams@example.org,Andorra,2023-10-11
800,Joseph,Lane,michaellopez@example.net,Belarus,2023-02-11
801,Elizabeth,Mejia,qgarcia@example.com,Brazil,2024-05-24
802,Lee,Lopez,linda16@example.net,Mongolia,2022-08-25
803,Paige,Leblanc,parkercoleman@example.net,Slovakia (Slovak Republic),2024-01-04
804,Maria,Walker,zbooker@example.org,Tunisia,2022-12-06
805,Casey,Osborne,mezabarry@example.org,United Kingdom,2022-09-22
806,Tracey,Wolfe,rscott@example.com,France,2022-09-04
807,Kenneth,Dennis,brenda38@example.org,Cuba,2023-05-17
808,David,Robinson,leonardwanda@example.org,Jordan,2023-05-23
809,Terri,Bradley,sherrygonzalez@example.com,Micronesia,2024-04-25
810,Sandra,Meyers,williamskenneth@example.net,Malaysia,2023-11-09
811,Connie,Wagner,charmon@example.net,Hong Kong,2023-11-03
812,Amanda,Orr,cortiz@example.org,Lao People's Democratic Republic,2024-01-22
813,Anne,Murphy,eweaver@example.org,Cape Verde,2024-04-28
814,Carlos,Carpenter,smendez@example.net,Denmark,2023-09-01
815,Cynthia,Arroyo,sarah96@example.net,Indonesia,2023-01-05
816,Jose,Chapman,xchoi@example.org,Mali,2023-05-04
817,Andrea,Thomas,vwhite@example.com,China,2022-09-18
818,Rebecca,Mcguire,murphyjames@example.com,Pitcairn Islands,2023-11-19
819,Jacob,Freeman,jenkinsmichael@example.net,Tonga,2022-10-11
820,Morgan,Stark,hurstsherry@example.com,Tuvalu,2024-06-09
821,Phillip,Powell,melindajones@example.org,Congo,2024-03-28
822,Amy,Brown,xmay@example.com,Grenada,2023-04-11
823,Kyle,Walsh,henry34@example.net,Tajikistan,2023-03-04
824,Jeremiah,Morton,stevenrichardson@example.org,Reunion,2024-03-20
825,Ashley,Klein,michael82@example.org,Bahamas,2024-07-13
826,Christina,Robles,lewiskathleen@example.com,Costa Rica,2023-06-28
827,Justin,Reed,denisegibson@example.org,Peru,2022-11-17
828,Robert,Smith,isaiahtrevino@example.net,Uzbekistan,2023-05-20
829,Christine,Thompson,azuniga@example.org,Cote d'Ivoire,2023-01-29
830,Cynthia,Alvarez,hyoung@example.org,Central African Republic,2023-07-26
831,Sabrina,Lester,martinezmark@example.org,Belize,2023-05-11
832,Todd,Gardner,kharris@example.com,Nicaragua,2023-04-28
833,Michael,Stout,davisapril@example.net,Bahamas,2024-01-27
834,Joshua,Kennedy,wcharles@example.com,Australia,2023-05-10
835,Tom,Hernandez,jacobsscott@example.org,Colombia,2023-12-26
836,Darlene,Delgado,nicholas63@example.org,Ireland,2024-01-25
837,Robin,Elliott,boydrachel@example.org,Spain,2024-04-20
838,Stephanie,Rodriguez,austinmathews@example.org,Denmark,2023-02-01
839,Jasmine,Clay,morenokenneth@example.net,Saudi Arabia,2024-03-04
840,Brandon,Mckinney,david96@example.org,Faroe Islands,2024-06-03
841,Emily,Nelson,pricedesiree@example.org,Indonesia,2023-02-27
842,Sherry,Rodgers,zacharyadams@example.org,Australia,2023-11-17
843,Diamond,Nelson,sarah37@example.org,South Africa,2024-03-27
844,Jonathan,Sanders,tonyzhang@example.net,Liechtenstein,2022-10-03
845,Alexandria,Guerrero,qwatts@example.org,Bahrain,2023-02-26
846,Alex,Mccann,mchristian@example.net,Mayotte,2022-09-20
847,Diana,Martin,oevans@example.org,Reunion,2024-03-06
848,Wanda,Ewing,rodriguezdarlene@example.net,Iran,2023-05-08
849,Stacey,Tapia,lorimartin@example.net,Ireland,2023-01-12
850,Catherine,Wade,marymitchell@example.net,Brunei Darussalam,2024-03-31
851,Cheyenne,Benson,benjaminamy@example.org,Micronesia,2023-01-19
852,James,Simmons,alexis31@example.org,Syrian Arab Republic,2023-09-04
853,Christopher,Simpson,jbarnes@example.org,Greenland,2024-03-23
854,Carolyn,Martin,courtneyfigueroa@example.net,Tokelau,2023-01-12
855,Brianna,May,amandakelly@example.org,Sudan,2023-10-27
856,Rebecca,Webb,timothy30@example.net,Albania,2024-05-21
857,Caitlin,Parsons,gramirez@example.net,Malaysia,2024-03-12
858,David,Lawrence,yscott@example.org,Tonga,2022-09-12
859,Kimberly,Carroll,gabriellaavery@example.net,Palestinian Territory,2023-11-04
860,Gregory,Mata,brianwaters@example.com,Luxembourg,2023-10-28
861,Diane,Brewer,qklein@example.net,Turks and Caicos Islands,2023-09-23
862,Louis,Lindsey,jamesdavis@example.net,Bangladesh,2023-05-16
863,Kenneth,Gregory,heidiortega@example.org,Ecuador,2023-03-02
864,Dawn,Davis,cleonard@example.com,New Zealand,2024-06-17
865,Richard,White,joseflowers@example.com,British Virgin Islands,2022-10-20
866,Lisa,Hodges,travis87@example.com,Suriname,2024-02-28
867,Brenda,Mccann,alexanderperez@example.net,Guinea-Bissau,2023-01-28
868,Nicole,Peterson,mclaughlinchristopher@example.net,Northern Mariana Islands,2024-03-31
869,Michael,Powell,richardperkins@example.com,Cook Islands,2022-11-11
870,Emily,Cobb,nobrien@example.org,Mauritania,2024-06-07
871,Angelica,Owen,cynthia11@example.org,Sri Lanka,2022-09-23
872,Cody,Andrews,andreacollins@example.net,Greece,2023-08-08
873,Gregory,Bowen,fisherdavid@example.org,Bouvet Island (Bouvetoya),2022-09-28
874,Jake,Smith,archerdavid@example.net,Holy See (Vatican City State),2023-08-11
875,Kristen,Black,wharper@example.com,Botswana,2023-12-06
876,Lisa,Carter,donald36@example.org,Gambia,2023-01-17
877,Michelle,Rasmussen,vwilliams@example.com,Iran,2023-07-05
878,Joanne,Ruiz,ycole@example.com,Solomon Islands,2024-06-19
879,Dennis,Taylor,melissa34@example.net,El Salvador,2024-02-16
880,Joseph,Young,bestjacob@example.net,Iceland,2023-08-28
881,Carrie,Miller,jessicashaw@example.org,Belgium,2023-10-15
882,Greg,Williams,bporter@example.net,Lithuania,2023-06-03
883,James,Lee,andrew85@example.com,Brunei Darussalam,2024-06-09
884,Samantha,Lambert,lnorris@example.net,Timor-Leste,2024-05-16
885,Terry,Underwood,frogers@example.org,Australia,2024-01-01
886,Beth,Watts,meverett@example.com,Latvia,2022-12-01
887,Sylvia,Fuller,pfischer@example.org,Morocco,2023-03-31
888,Shannon,Parker,savagedalton@example.com,Papua New Guinea,2024-06-19
889,Leon,Perry,richardbrown@example.net,Faroe Islands,2023-06-19
890,Eileen,Jones,nicole19@example.com,Comoros,2023-03-28
891,Christopher,May,lcarpenter@example.org,Malawi,2023-01-13
892,Mason,Harding,juan41@example.org,Bolivia,2023-06-26
893,Michael,Washington,apowell@example.com,Cape Verde,2024-03-18
894,Robin,Davis,nlamb@example.com,Northern Mariana Islands,2023-11-17
895,Kathleen,Harper,christopherhartman@example.org,French Southern Territories,2022-11-15
896,Melissa,Ward,hhoward@example.com,Martinique,2023-02-03
897,George,Garner,arielgalloway@example.org,Niger,2023-12-09
898,Kristen,Ball,bobvincent@example.com,Saint Helena,2024-05-30
899,Trevor,Good,santhony@example.com,Ethiopia,2023-01-15
900,Jonathan,Burnett,cunninghamreginald@example.org,Macao,2023-10-06
901,Allen,Jackson,whitemargaret@example.org,Korea,2023-03-18
902,Marissa,Romero,dorothyholmes@example.net,Tokelau,2024-04-11
903,Rachel,Rich,ramirezcharles@example.net,Germany,2022-08-10
904,Christina,Simmons,contreraszachary@example.com,United Arab Emirates,2022-10-20
905,James,Mills,jennifer66@example.net,Moldova,2023-07-11
906,Carlos,Callahan,justin18@example.org,Burkina Faso,2023-01-12
907,Danny,Phelps,fgould@example.net,Saint Kitts and Nevis,2024-06-10
908,Garrett,Reilly,pamela67@example.com,China,2023-02-06
909,Paul,Howard,lisa17@example.org,India,2023-07-07
910,Wanda,Rose,burnsfelicia@example.org,Grenada,2024-06-01
911,Laura,Mullen,crystal61@example.org,Saint Helena,2023-11-10
912,Monica,Miller,josephlambert@example.net,Faroe Islands,2023-11-27
913,Lauren,Hudson,margaretgonzalez@example.com,Finland,2023-08-01
914,Joseph,Rice,xsmith@example.com,Bulgaria,2022-08-18
915,Scott,Sharp,wmcfarland@example.com,Solomon Islands,2024-05-13
916,Jeremy,Harris,emilysalazar@example.com,Brunei Darussalam,2023-01-14
917,Blake,Floyd,lvelez@example.com,Guinea,2024-01-08
918,Jeffrey,Castro,davidsnyder@example.org,Saint Vincent and the Grenadines,2024-01-23
919,Michael,Johnson,michaelgrimes@example.net,Bouvet Island (Bouvetoya),2023-12-29
920,Alejandro,Campbell,cheyennewatson@example.org,Lesotho,2024-01-09
921,Heather,Hoffman,palmerethan@example.net,Lao People's Democratic Republic,2023-02-12
922,Shawn,Nelson,hoffmanbetty@example.com,Netherlands,2024-06-15
923,Kelly,Adams,thomasmorris@example.com,Vanuatu,2023-01-01
924,Alicia,Phillips,reillysteven@example.org,Montserrat,2024-06-20
925,Kristen,Scott,megan36@example.net,Saint Helena,2023-05-11
926,James,Macias,mejiabenjamin@example.com,Honduras,2023-05-28
927,Katie,Joseph,barbaranewman@example.net,Turkey,2024-04-09
928,Brian,Mendoza,andrewsavage@example.com,El Salvador,2024-07-29
929,Christopher,Cohen,melissa30@example.com,Sri Lanka,2023-05-04
930,Shannon,Davis,victorkrause@example.com,Puerto Rico,2024-04-20
931,Debbie,Wise,vcampos@example.org,Antigua and Barbuda,2024-07-20
932,Jose,Anderson,johnsonanthony@example.net,Saint Vincent and the Grenadines,2024-03-06
933,Paula,Orozco,shelleydeleon@example.com,Iceland,2023-08-31
934,Thomas,Adams,fbird@example.com,Taiwan,2024-07-21
935,Christine,Ryan,kristyhurley@example.org,Ecuador,2023-10-21
936,Brandon,Smith,hannahburke@example.com,Nicaragua,2023-10-06
937,Ronald,Wolfe,ljackson@example.net,Christmas Island,2024-01-03
938,James,Thompson,joseph81@example.com,Kenya,2024-03-31
939,Benjamin,Garza,mcbridejoshua@example.net,Panama,2023-07-24
940,James,White,saundersnancy@example.org,Lesotho,2024-03-24
941,Bobby,Williams,lambertashley@example.com,Bermuda,2022-08-29
942,Chase,Murphy,eterry@example.com,Luxembourg,2023-01-05
943,Renee,Peterson,adriangood@example.org,Tunisia,2023-11-27
944,Sierra,Martin,kevin23@example.org,Western Sahara,2023-08-28
945,Anthony,Lewis,scott63@example.org,Hong Kong,2022-09-19
946,Lauren,Smith,williammacias@example.org,Belgium,2024-01-28
947,Donna,Schneider,ojones@example.net,United States Virgin Islands,2022-11-24
948,Gregory,Maldonado,kristinharmon@example.com,Eritrea,2023-01-10
949,Kristi,Pearson,johnnguyen@example.org,Singapore,2022-12-21
950,Katie,Mcdowell,hopkinsbradley@example.com,Portugal,2023-07-26
951,John,Thompson,lesliewilson@example.org,Antigua and Barbuda,2023-03-12
952,Kendra,Simpson,terri84@example.com,Benin,2023-08-07
953,Anthony,Casey,mmurphy@example.org,Marshall Islands,2023-03-11
954,Jesse,Spears,shenry@example.com,Barbados,2023-11-29
955,Tracy,Davis,christopheralexander@example.com,Argentina,2024-02-13
956,Alexander,Harvey,dford@example.com,Grenada,2022-08-06
957,Nicholas,Phillips,kaylee20@example.com,Puerto Rico,2024-06-07
958,James,Perez,bruce74@example.com,Jamaica,2024-01-05
959,Paula,Morris,walterlee@example.net,Armenia,2022-12-21
960,Donna,Garcia,raymondjohnson@example.net,Brunei Darussalam,2023-10-25
961,Tina,Oneill,jilliangallegos@example.org,Macao,2023-12-26
962,Kelli,Smith,todd54@example.org,Israel,2024-01-08
963,Nancy,Wall,bowensusan@example.com,Guyana,2023-12-31
964,Barbara,Adams,edward79@example.com,Norway,2022-08-20
965,Kenneth,Dixon,floreserica@example.net,Burundi,2023-07-25
966,Debra,Clark,glennchase@example.net,Greenland,2023-01-31
967,Tracy,Jenkins,brandigutierrez@example.org,Oman,2022-09-29
968,Dennis,Reynolds,patrick31@example.com,Singapore,2023-07-09
969,Ronald,Kent,imarquez@example.com,Iceland,2023-04-05
970,Daniel,Jones,owensamber@example.org,Congo,2023-06-25
971,Brian,Mcgrath,adrianadelacruz@example.com,Somalia,2022-12-26
972,David,Rangel,clarklaurie@example.net,Andorra,2022-10-26
973,Dustin,Wolf,andrewweaver@example.org,Sierra Leone,2023-12-09
974,Natasha,Walker,jamesvalenzuela@example.net,Vanuatu,2023-06-25
975,Matthew,Cunningham,patricia06@example.net,Turks and Caicos Islands,2023-07-05
976,Wendy,Harris,fgreen@example.net,United Kingdom,2024-03-07
977,Christopher,Williams,sarah32@example.org,Nigeria,2022-11-14
978,Cassandra,King,ryan68@example.net,El Salvador,2023-11-06
979,Matthew,Thompson,kcook@example.net,India,2022-08-21
980,Lindsay,Sullivan,christopher67@example.com,Colombia,2023-09-26
981,Matthew,Nelson,njohnson@example.net,Monaco,2023-12-20
982,Richard,Patterson,jessicabrooks@example.net,India,2023-08-10
983,Jason,Adams,greenkimberly@example.org,Guadeloupe,2023-12-20
984,Joseph,Key,macdonaldamber@example.com,Philippines,2023-08-21
985,Nicole,Gonzalez,brittanystevenson@example.com,Saint Helena,2024-07-26
986,James,Howard,fernandezamy@example.com,Iran,2024-02-13
987,Mark,Austin,hallelizabeth@example.org,Czech Republic,2023-08-13
988,Brandon,Rivera,robertkennedy@example.org,Vietnam,2024-07-29
989,Derrick,Fuentes,zvillarreal@example.com,Mexico,2023-10-28
990,Darren,Hernandez,parkersteven@example.net,Slovenia,2022-10-02
991,John,Barnes,pfry@example.net,Sierra Leone,2022-10-08
992,Paul,Steele,heather78@example.org,Gabon,2023-06-15
993,Kathleen,Simmons,griffinroberto@example.com,Ghana,2023-10-27
994,Amanda,Osborne,dharris@example.net,Fiji,2022-08-31
995,Tonya,Williams,uberry@example.com,Portugal,2024-04-29
996,Angela,Fleming,solisdonald@example.com,Saint Martin,2022-08-25
997,Tonya,Fisher,michellegraves@example.org,Estonia,2024-07-28
998,Scott,Hoffman,craigdylan@example.com,Reunion,2024-03-17
999,Tara,Lewis,castrokatelyn@example.org,Kuwait,2023-08-24
1000,Wendy,Fernandez,jessicahaley@example.net,Monaco,2023-04-15
